agent.agent_instruction,agent.agent_name,answer.inferred_preference,comment.inferred_preference_comment,iteration.iteration,model.frequency_penalty,model.logprobs,model.max_tokens,model.model,model.presence_penalty,model.temperature,model.top_logprobs,model.top_p,prompt.inferred_preference_system_prompt,prompt.inferred_preference_user_prompt,question_options.inferred_preference_question_options,question_text.inferred_preference_question_text,question_type.inferred_preference_question_type,raw_model_response.inferred_preference_raw_model_response,scenario.fruits,scenario.pref_paragraph,scenario.true_preference
You are answering questions as if you were a human. Do not break character.,Agent_2,"['Date', 'Fig', 'Banana', 'Grape', 'Honeydew', 'Cherry', 'Apple', 'Kiwi', 'Elderberry', 'Lemon']","Dates and figs are naturally sweet and have a soft, chewy texture, which aligns with the preference for sweet, rich, and soft fruits. Bananas are also soft and sweet, but less rich in flavor. Grapes and honeydew are sweet and somewhat soft, but not chewy. Cherries are sweet but can have a slight tartness and are not chewy. Apples are typically crisp and can vary in sweetness. Kiwi and elderberries have a tartness that was not preferred. Lemons are both tart and not chewy, which places them at the bottom of the list.",0,0,False,1000,gpt-4-1106-preview,0,0.5,3,1,"You are answering questions as if you were a human. Do not break character. You are an agent with the following persona:
{}","A person described their preferences over fruits as I prefer sweet and rich flavors, especially those that are soft and chewy, but I'm not too fond of tartness or overly crisp textures..
                The collection of fruits is: '['Apple', 'Banana', 'Cherry', 'Date', 'Elderberry', 'Fig', 'Grape', 'Honeydew', 'Kiwi', 'Lemon']'.
                Based on what they said, what do you guess is their rank-ordering of the fruits? 
                

Your response should be only a valid JSON in the following format:
{
    ""answer"": [<comma-separated list of responsive words or phrases as independent strings>],
    ""comment"": ""<put comment here>""
}",,"A person described their preferences over fruits as {{ pref_paragraph }}.
                The collection of fruits is: '{{ fruits }}'.
                Based on what they said, what do you guess is their rank-ordering of the fruits? 
                ",list,"{'id': 'chatcmpl-9eXQuJHjOxS6iH3E0nnfytESDegpG', 'choices': [{'finish_reason': 'stop', 'index': 0, 'logprobs': None, 'message': {'content': '```json\n{\n    ""answer"": [""Date"", ""Fig"", ""Banana"", ""Grape"", ""Honeydew"", ""Cherry"", ""Apple"", ""Kiwi"", ""Elderberry"", ""Lemon""],\n    ""comment"": ""Dates and figs are naturally sweet and have a soft, chewy texture, which aligns with the preference for sweet, rich, and soft fruits. Bananas are also soft and sweet, but less rich in flavor. Grapes and honeydew are sweet and somewhat soft, but not chewy. Cherries are sweet but can have a slight tartness and are not chewy. Apples are typically crisp and can vary in sweetness. Kiwi and elderberries have a tartness that was not preferred. Lemons are both tart and not chewy, which places them at the bottom of the list.""\n}\n```', 'role': 'assistant', 'function_call': None, 'tool_calls': None}}], 'created': 1719448664, 'model': 'gpt-4-1106-preview', 'object': 'chat.completion', 'system_fingerprint': None, 'usage': {'completion_tokens': 179, 'prompt_tokens': 187, 'total_tokens': 366}}","['Apple', 'Banana', 'Cherry', 'Date', 'Elderberry', 'Fig', 'Grape', 'Honeydew', 'Kiwi', 'Lemon']","I prefer sweet and rich flavors, especially those that are soft and chewy, but I'm not too fond of tartness or overly crisp textures.","['Fig', 'Banana', 'Lemon', 'Honeydew', 'Kiwi', 'Elderberry', 'Grape', 'Apple', 'Date', 'Cherry']"
You are answering questions as if you were a human. Do not break character.,Agent_2,"['Date', 'Fig', 'Grape', 'Cherry', 'Kiwi', 'Apple', 'Banana', 'Honeydew', 'Elderberry', 'Lemon']","Dates and figs are sweet and chewy, which aligns with the top preference. Grapes and cherries are sweet with a bit of tang. Kiwis and apples are juicy with some tang. Bananas have a creamy texture, which is not preferred. Honeydews are mildly sweet but can have a watery texture rather than chewy. Elderberries can be tart. Lemons are very tart, which is the least preferred.",0,0,False,1000,gpt-4-1106-preview,0,0.5,3,1,"You are answering questions as if you were a human. Do not break character. You are an agent with the following persona:
{}","A person described their preferences over fruits as I prefer sweet and chewy fruits the most, enjoy juicy ones with a bit of tang, but I'm not very fond of overly tart or creamy-textured varieties..
                The collection of fruits is: '['Apple', 'Banana', 'Cherry', 'Date', 'Elderberry', 'Fig', 'Grape', 'Honeydew', 'Kiwi', 'Lemon']'.
                Based on what they said, what do you guess is their rank-ordering of the fruits? 
                

Your response should be only a valid JSON in the following format:
{
    ""answer"": [<comma-separated list of responsive words or phrases as independent strings>],
    ""comment"": ""<put comment here>""
}",,"A person described their preferences over fruits as {{ pref_paragraph }}.
                The collection of fruits is: '{{ fruits }}'.
                Based on what they said, what do you guess is their rank-ordering of the fruits? 
                ",list,"{'id': 'chatcmpl-9eXQuEdvWDqaySQn46ZXMjualKd14', 'choices': [{'finish_reason': 'stop', 'index': 0, 'logprobs': None, 'message': {'content': '```json\n{\n    ""answer"": [""Date"", ""Fig"", ""Grape"", ""Cherry"", ""Kiwi"", ""Apple"", ""Banana"", ""Honeydew"", ""Elderberry"", ""Lemon""],\n    ""comment"": ""Dates and figs are sweet and chewy, which aligns with the top preference. Grapes and cherries are sweet with a bit of tang. Kiwis and apples are juicy with some tang. Bananas have a creamy texture, which is not preferred. Honeydews are mildly sweet but can have a watery texture rather than chewy. Elderberries can be tart. Lemons are very tart, which is the least preferred.""\n}\n```', 'role': 'assistant', 'function_call': None, 'tool_calls': None}}], 'created': 1719448664, 'model': 'gpt-4-1106-preview', 'object': 'chat.completion', 'system_fingerprint': None, 'usage': {'completion_tokens': 144, 'prompt_tokens': 191, 'total_tokens': 335}}","['Apple', 'Banana', 'Cherry', 'Date', 'Elderberry', 'Fig', 'Grape', 'Honeydew', 'Kiwi', 'Lemon']","I prefer sweet and chewy fruits the most, enjoy juicy ones with a bit of tang, but I'm not very fond of overly tart or creamy-textured varieties.","['Date', 'Grape', 'Cherry', 'Apple', 'Fig', 'Lemon', 'Honeydew', 'Elderberry', 'Banana', 'Kiwi']"
You are answering questions as if you were a human. Do not break character.,Agent_2,"['Honeydew', 'Kiwi', 'Banana', 'Elderberry', 'Grape', 'Fig', 'Lemon', 'Apple', 'Cherry', 'Date']","The ordering is based on the individual's stated preferences, starting with sweet and smooth (Honeydew), followed by tangy and fuzzy (Kiwi), then small juicy berries (Elderberry, Grape), and the preference for bananas which are neither overly sweet nor tart. Figs are included as they are not overly sweet, tart, crunchy, or a stone fruit. Lemons are included for being tangy but are ranked lower due to potential tartness. Apples and cherries are ranked lower due to being crunchy and having a stone, respectively. Dates are ranked last as they are commonly perceived as overly sweet and also have a stone.",0,0,False,1000,gpt-4-1106-preview,0,0.5,3,1,"You are answering questions as if you were a human. Do not break character. You are an agent with the following persona:
{}","A person described their preferences over fruits as I prefer melons that are sweet and smooth, followed by tangy and fuzzy-skinned options, then small juicy berries, but I'm not fond of overly sweet or tart fruits, and I definitely don't enjoy the common crunchy ones or those with a stone in the center..
                The collection of fruits is: '['Apple', 'Banana', 'Cherry', 'Date', 'Elderberry', 'Fig', 'Grape', 'Honeydew', 'Kiwi', 'Lemon']'.
                Based on what they said, what do you guess is their rank-ordering of the fruits? 
                

Your response should be only a valid JSON in the following format:
{
    ""answer"": [<comma-separated list of responsive words or phrases as independent strings>],
    ""comment"": ""<put comment here>""
}",,"A person described their preferences over fruits as {{ pref_paragraph }}.
                The collection of fruits is: '{{ fruits }}'.
                Based on what they said, what do you guess is their rank-ordering of the fruits? 
                ",list,"{'id': 'chatcmpl-9eXQuPOkuOWn6mLptvPzzz6rB68tK', 'choices': [{'finish_reason': 'stop', 'index': 0, 'logprobs': None, 'message': {'content': '```json\n{\n    ""answer"": [""Honeydew"", ""Kiwi"", ""Banana"", ""Elderberry"", ""Grape"", ""Fig"", ""Lemon"", ""Apple"", ""Cherry"", ""Date""],\n    ""comment"": ""The ordering is based on the individual\'s stated preferences, starting with sweet and smooth (Honeydew), followed by tangy and fuzzy (Kiwi), then small juicy berries (Elderberry, Grape), and the preference for bananas which are neither overly sweet nor tart. Figs are included as they are not overly sweet, tart, crunchy, or a stone fruit. Lemons are included for being tangy but are ranked lower due to potential tartness. Apples and cherries are ranked lower due to being crunchy and having a stone, respectively. Dates are ranked last as they are commonly perceived as overly sweet and also have a stone.""\n}\n```', 'role': 'assistant', 'function_call': None, 'tool_calls': None}}], 'created': 1719448664, 'model': 'gpt-4-1106-preview', 'object': 'chat.completion', 'system_fingerprint': None, 'usage': {'completion_tokens': 186, 'prompt_tokens': 213, 'total_tokens': 399}}","['Apple', 'Banana', 'Cherry', 'Date', 'Elderberry', 'Fig', 'Grape', 'Honeydew', 'Kiwi', 'Lemon']","I prefer melons that are sweet and smooth, followed by tangy and fuzzy-skinned options, then small juicy berries, but I'm not fond of overly sweet or tart fruits, and I definitely don't enjoy the common crunchy ones or those with a stone in the center.","['Honeydew', 'Kiwi', 'Grape', 'Elderberry', 'Banana', 'Date', 'Lemon', 'Apple', 'Fig', 'Cherry']"
You are answering questions as if you were a human. Do not break character.,Agent_2,"['Banana', 'Apple', 'Honeydew', 'Kiwi', 'Grape', 'Fig', 'Cherry', 'Date', 'Lemon', 'Elderberry']","The ranking is based on the preference for sweet, fleshy fruits with occasional crunch, avoiding overly tart, small seeded, or wrinkled textures, and overly sweet tastes.",0,0,False,1000,gpt-4-1106-preview,0,0.5,3,1,"You are answering questions as if you were a human. Do not break character. You are an agent with the following persona:
{}","A person described their preferences over fruits as I prefer sweet and fleshy fruits, enjoy a bit of crunch now and then, but I'm not fond of overly tart or small seeded varieties, and I'm least enthusiastic about those with a wrinkled texture or overly sweet taste..
                The collection of fruits is: '['Apple', 'Banana', 'Cherry', 'Date', 'Elderberry', 'Fig', 'Grape', 'Honeydew', 'Kiwi', 'Lemon']'.
                Based on what they said, what do you guess is their rank-ordering of the fruits? 
                

Your response should be only a valid JSON in the following format:
{
    ""answer"": [<comma-separated list of responsive words or phrases as independent strings>],
    ""comment"": ""<put comment here>""
}",,"A person described their preferences over fruits as {{ pref_paragraph }}.
                The collection of fruits is: '{{ fruits }}'.
                Based on what they said, what do you guess is their rank-ordering of the fruits? 
                ",list,"{'id': 'chatcmpl-9eXQuLQcpUC3SJf9sK3XT7ejUtH17', 'choices': [{'finish_reason': 'stop', 'index': 0, 'logprobs': None, 'message': {'content': '```json\n{\n    ""answer"": [""Banana"", ""Apple"", ""Honeydew"", ""Kiwi"", ""Grape"", ""Fig"", ""Cherry"", ""Date"", ""Lemon"", ""Elderberry""],\n    ""comment"": ""The ranking is based on the preference for sweet, fleshy fruits with occasional crunch, avoiding overly tart, small seeded, or wrinkled textures, and overly sweet tastes.""\n}\n```', 'role': 'assistant', 'function_call': None, 'tool_calls': None}}], 'created': 1719448664, 'model': 'gpt-4-1106-preview', 'object': 'chat.completion', 'system_fingerprint': None, 'usage': {'completion_tokens': 90, 'prompt_tokens': 205, 'total_tokens': 295}}","['Apple', 'Banana', 'Cherry', 'Date', 'Elderberry', 'Fig', 'Grape', 'Honeydew', 'Kiwi', 'Lemon']","I prefer sweet and fleshy fruits, enjoy a bit of crunch now and then, but I'm not fond of overly tart or small seeded varieties, and I'm least enthusiastic about those with a wrinkled texture or overly sweet taste.","['Fig', 'Honeydew', 'Grape', 'Apple', 'Banana', 'Cherry', 'Kiwi', 'Lemon', 'Elderberry', 'Date']"
You are answering questions as if you were a human. Do not break character.,Agent_2,"['Date', 'Fig', 'Grape', 'Honeydew', 'Apple', 'Banana', 'Kiwi', 'Cherry', 'Elderberry', 'Lemon']",Dates and figs are chewy and sugary. Grapes and honeydew are juicy and sweet but not overly chewy. Apples provide a crisp bite. Bananas are mellow and sweet but can be mushy if overripe. Kiwis are slightly tart and have a unique texture. Cherries are sweet but can be tart. Elderberries are often tart and not commonly eaten raw. Lemons are very tart and not typically eaten alone.,0,0,False,1000,gpt-4-1106-preview,0,0.5,3,1,"You are answering questions as if you were a human. Do not break character. You are an agent with the following persona:
{}","A person described their preferences over fruits as I have a sweet spot for chewy and sugary flavors, appreciate a crisp bite now and then, enjoy the occasional mellow and juicy option, but I'm not too keen on overly tart or mushy textures..
                The collection of fruits is: '['Apple', 'Banana', 'Cherry', 'Date', 'Elderberry', 'Fig', 'Grape', 'Honeydew', 'Kiwi', 'Lemon']'.
                Based on what they said, what do you guess is their rank-ordering of the fruits? 
                

Your response should be only a valid JSON in the following format:
{
    ""answer"": [<comma-separated list of responsive words or phrases as independent strings>],
    ""comment"": ""<put comment here>""
}",,"A person described their preferences over fruits as {{ pref_paragraph }}.
                The collection of fruits is: '{{ fruits }}'.
                Based on what they said, what do you guess is their rank-ordering of the fruits? 
                ",list,"{'id': 'chatcmpl-9eXQu9tsVUKtDGxi1qWUCQHFC2PBn', 'choices': [{'finish_reason': 'stop', 'index': 0, 'logprobs': None, 'message': {'content': '```json\n{\n    ""answer"": [""Date"", ""Fig"", ""Grape"", ""Honeydew"", ""Apple"", ""Banana"", ""Kiwi"", ""Cherry"", ""Elderberry"", ""Lemon""],\n    ""comment"": ""Dates and figs are chewy and sugary. Grapes and honeydew are juicy and sweet but not overly chewy. Apples provide a crisp bite. Bananas are mellow and sweet but can be mushy if overripe. Kiwis are slightly tart and have a unique texture. Cherries are sweet but can be tart. Elderberries are often tart and not commonly eaten raw. Lemons are very tart and not typically eaten alone.""\n}\n```', 'role': 'assistant', 'function_call': None, 'tool_calls': None}}], 'created': 1719448664, 'model': 'gpt-4-1106-preview', 'object': 'chat.completion', 'system_fingerprint': None, 'usage': {'completion_tokens': 147, 'prompt_tokens': 201, 'total_tokens': 348}}","['Apple', 'Banana', 'Cherry', 'Date', 'Elderberry', 'Fig', 'Grape', 'Honeydew', 'Kiwi', 'Lemon']","I have a sweet spot for chewy and sugary flavors, appreciate a crisp bite now and then, enjoy the occasional mellow and juicy option, but I'm not too keen on overly tart or mushy textures.","['Date', 'Apple', 'Honeydew', 'Grape', 'Cherry', 'Lemon', 'Fig', 'Kiwi', 'Elderberry', 'Banana']"
You are answering questions as if you were a human. Do not break character.,Agent_2,"['Banana', 'Date', 'Fig', 'Honeydew', 'Grape', 'Kiwi', 'Apple', 'Cherry', 'Elderberry', 'Lemon']","The ranking is based on the preference for sweet, exotic fruits with a soft texture and the dislike for tartness and crispness. Bananas, dates, and figs are notably sweet and soft. Honeydew and grapes are sweet and not crisp. Kiwi is somewhat tart but exotic and soft. Apples and cherries can be sweet but are often crisp. Elderberries are less common and can be tart. Lemons are known for their tartness and are therefore ranked last.",0,0,False,1000,gpt-4-1106-preview,0,0.5,3,1,"You are answering questions as if you were a human. Do not break character. You are an agent with the following persona:
{}","A person described their preferences over fruits as I prefer sweet and exotic fruits, especially those with a soft texture, but I'm not fond of the tartness or crispness you often find in more common varieties..
                The collection of fruits is: '['Apple', 'Banana', 'Cherry', 'Date', 'Elderberry', 'Fig', 'Grape', 'Honeydew', 'Kiwi', 'Lemon']'.
                Based on what they said, what do you guess is their rank-ordering of the fruits? 
                

Your response should be only a valid JSON in the following format:
{
    ""answer"": [<comma-separated list of responsive words or phrases as independent strings>],
    ""comment"": ""<put comment here>""
}",,"A person described their preferences over fruits as {{ pref_paragraph }}.
                The collection of fruits is: '{{ fruits }}'.
                Based on what they said, what do you guess is their rank-ordering of the fruits? 
                ",list,"{'id': 'chatcmpl-9eXQuA83HPpQ6yoQXZ54AGy7pOCsP', 'choices': [{'finish_reason': 'stop', 'index': 0, 'logprobs': None, 'message': {'content': '```json\n{\n    ""answer"": [""Banana"", ""Date"", ""Fig"", ""Honeydew"", ""Grape"", ""Kiwi"", ""Apple"", ""Cherry"", ""Elderberry"", ""Lemon""],\n    ""comment"": ""The ranking is based on the preference for sweet, exotic fruits with a soft texture and the dislike for tartness and crispness. Bananas, dates, and figs are notably sweet and soft. Honeydew and grapes are sweet and not crisp. Kiwi is somewhat tart but exotic and soft. Apples and cherries can be sweet but are often crisp. Elderberries are less common and can be tart. Lemons are known for their tartness and are therefore ranked last.""\n}\n```', 'role': 'assistant', 'function_call': None, 'tool_calls': None}}], 'created': 1719448664, 'model': 'gpt-4-1106-preview', 'object': 'chat.completion', 'system_fingerprint': None, 'usage': {'completion_tokens': 153, 'prompt_tokens': 191, 'total_tokens': 344}}","['Apple', 'Banana', 'Cherry', 'Date', 'Elderberry', 'Fig', 'Grape', 'Honeydew', 'Kiwi', 'Lemon']","I prefer sweet and exotic fruits, especially those with a soft texture, but I'm not fond of the tartness or crispness you often find in more common varieties.","['Date', 'Fig', 'Lemon', 'Banana', 'Elderberry', 'Honeydew', 'Kiwi', 'Apple', 'Grape', 'Cherry']"
You are answering questions as if you were a human. Do not break character.,Agent_2,"['Date', 'Fig', 'Banana', 'Honeydew', 'Kiwi', 'Grape', 'Elderberry', 'Apple', 'Cherry', 'Lemon']","The ranking is based on the preference for sweet, exotic fruits with a soft texture, starting with the sweetest and softest. Dates and figs top the list for their rich flavors and soft textures. Bananas are sweet and soft as well, followed by honeydew and kiwi, which are both sweet and somewhat exotic. Grapes are sweet but more common and less complex. Elderberries are less common but can be tart. Apples and cherries are common and can be crisp or tart. Lemons are tart and therefore ranked last.",0,0,False,1000,gpt-4-1106-preview,0,0.5,3,1,"You are answering questions as if you were a human. Do not break character. You are an agent with the following persona:
{}","A person described their preferences over fruits as I absolutely adore sweet and exotic fruits, particularly those with a rich, complex flavor and a soft texture, but I'm not too keen on the more common tart or crisp ones..
                The collection of fruits is: '['Apple', 'Banana', 'Cherry', 'Date', 'Elderberry', 'Fig', 'Grape', 'Honeydew', 'Kiwi', 'Lemon']'.
                Based on what they said, what do you guess is their rank-ordering of the fruits? 
                

Your response should be only a valid JSON in the following format:
{
    ""answer"": [<comma-separated list of responsive words or phrases as independent strings>],
    ""comment"": ""<put comment here>""
}",,"A person described their preferences over fruits as {{ pref_paragraph }}.
                The collection of fruits is: '{{ fruits }}'.
                Based on what they said, what do you guess is their rank-ordering of the fruits? 
                ",list,"{'id': 'chatcmpl-9eXQuoZeDBtKdzgvd3LhC9csl0Va0', 'choices': [{'finish_reason': 'stop', 'index': 0, 'logprobs': None, 'message': {'content': '```json\n{\n    ""answer"": [""Date"", ""Fig"", ""Banana"", ""Honeydew"", ""Kiwi"", ""Grape"", ""Elderberry"", ""Apple"", ""Cherry"", ""Lemon""],\n    ""comment"": ""The ranking is based on the preference for sweet, exotic fruits with a soft texture, starting with the sweetest and softest. Dates and figs top the list for their rich flavors and soft textures. Bananas are sweet and soft as well, followed by honeydew and kiwi, which are both sweet and somewhat exotic. Grapes are sweet but more common and less complex. Elderberries are less common but can be tart. Apples and cherries are common and can be crisp or tart. Lemons are tart and therefore ranked last.""\n}\n```', 'role': 'assistant', 'function_call': None, 'tool_calls': None}}], 'created': 1719448664, 'model': 'gpt-4-1106-preview', 'object': 'chat.completion', 'system_fingerprint': None, 'usage': {'completion_tokens': 166, 'prompt_tokens': 193, 'total_tokens': 359}}","['Apple', 'Banana', 'Cherry', 'Date', 'Elderberry', 'Fig', 'Grape', 'Honeydew', 'Kiwi', 'Lemon']","I absolutely adore sweet and exotic fruits, particularly those with a rich, complex flavor and a soft texture, but I'm not too keen on the more common tart or crisp ones.","['Date', 'Elderberry', 'Grape', 'Kiwi', 'Fig', 'Honeydew', 'Lemon', 'Cherry', 'Banana', 'Apple']"
You are answering questions as if you were a human. Do not break character.,Agent_2,"['Lemon', 'Kiwi', 'Apple', 'Cherry', 'Grape', 'Elderberry', 'Honeydew', 'Fig', 'Banana', 'Date']","The ranking is based on the preference for tangy and tart flavors, a bit of crunch, and a dislike for mushiness or blandness. Lemon and Kiwi are known for their tartness, while apples and cherries provide a crunchy texture. Grapes and elderberries are less tart but still have some tanginess. Honeydew is slightly sweet and not very tart, while figs, bananas, and dates are sweeter and can have a mushier texture, especially when ripe.",0,0,False,1000,gpt-4-1106-preview,0,0.5,3,1,"You are answering questions as if you were a human. Do not break character. You are an agent with the following persona:
{}","A person described their preferences over fruits as I prefer tangy and tart flavors over sweet ones, enjoy a bit of crunch, and am not fond of overly mushy or bland fruits..
                The collection of fruits is: '['Apple', 'Banana', 'Cherry', 'Date', 'Elderberry', 'Fig', 'Grape', 'Honeydew', 'Kiwi', 'Lemon']'.
                Based on what they said, what do you guess is their rank-ordering of the fruits? 
                

Your response should be only a valid JSON in the following format:
{
    ""answer"": [<comma-separated list of responsive words or phrases as independent strings>],
    ""comment"": ""<put comment here>""
}",,"A person described their preferences over fruits as {{ pref_paragraph }}.
                The collection of fruits is: '{{ fruits }}'.
                Based on what they said, what do you guess is their rank-ordering of the fruits? 
                ",list,"{'id': 'chatcmpl-9eXQuDkdqfdPn60V4Gc1kqOdhto0u', 'choices': [{'finish_reason': 'stop', 'index': 0, 'logprobs': None, 'message': {'content': '```json\n{\n    ""answer"": [""Lemon"", ""Kiwi"", ""Apple"", ""Cherry"", ""Grape"", ""Elderberry"", ""Honeydew"", ""Fig"", ""Banana"", ""Date""],\n    ""comment"": ""The ranking is based on the preference for tangy and tart flavors, a bit of crunch, and a dislike for mushiness or blandness. Lemon and Kiwi are known for their tartness, while apples and cherries provide a crunchy texture. Grapes and elderberries are less tart but still have some tanginess. Honeydew is slightly sweet and not very tart, while figs, bananas, and dates are sweeter and can have a mushier texture, especially when ripe.""\n}\n```', 'role': 'assistant', 'function_call': None, 'tool_calls': None}}], 'created': 1719448664, 'model': 'gpt-4-1106-preview', 'object': 'chat.completion', 'system_fingerprint': None, 'usage': {'completion_tokens': 154, 'prompt_tokens': 186, 'total_tokens': 340}}","['Apple', 'Banana', 'Cherry', 'Date', 'Elderberry', 'Fig', 'Grape', 'Honeydew', 'Kiwi', 'Lemon']","I prefer tangy and tart flavors over sweet ones, enjoy a bit of crunch, and am not fond of overly mushy or bland fruits.","['Lemon', 'Fig', 'Apple', 'Elderberry', 'Cherry', 'Kiwi', 'Banana', 'Date', 'Honeydew', 'Grape']"
You are answering questions as if you were a human. Do not break character.,Agent_2,"['Lemon', 'Kiwi', 'Cherry', 'Elderberry', 'Grape', 'Apple', 'Fig', 'Date', 'Honeydew', 'Banana']","The ranking starts with the tangiest and tartest, Lemon, followed by other fruits that fit the preference for tangy over sweet. Common and overly sweet fruits like Banana and Honeydew are ranked lower.",0,0,False,1000,gpt-4-1106-preview,0,0.5,3,1,"You are answering questions as if you were a human. Do not break character. You are an agent with the following persona:
{}","A person described their preferences over fruits as I prefer tangy and tart flavors over sweet ones, enjoy a bit of exotic and uncommon varieties, but I'm not particularly fond of the more common or overly sweet and mushy options..
                The collection of fruits is: '['Apple', 'Banana', 'Cherry', 'Date', 'Elderberry', 'Fig', 'Grape', 'Honeydew', 'Kiwi', 'Lemon']'.
                Based on what they said, what do you guess is their rank-ordering of the fruits? 
                

Your response should be only a valid JSON in the following format:
{
    ""answer"": [<comma-separated list of responsive words or phrases as independent strings>],
    ""comment"": ""<put comment here>""
}",,"A person described their preferences over fruits as {{ pref_paragraph }}.
                The collection of fruits is: '{{ fruits }}'.
                Based on what they said, what do you guess is their rank-ordering of the fruits? 
                ",list,"{'id': 'chatcmpl-9eXQuYZ2AvdamqyWiQklZyxuPKc3f', 'choices': [{'finish_reason': 'stop', 'index': 0, 'logprobs': None, 'message': {'content': '```json\n{\n    ""answer"": [""Lemon"", ""Kiwi"", ""Cherry"", ""Elderberry"", ""Grape"", ""Apple"", ""Fig"", ""Date"", ""Honeydew"", ""Banana""],\n    ""comment"": ""The ranking starts with the tangiest and tartest, Lemon, followed by other fruits that fit the preference for tangy over sweet. Common and overly sweet fruits like Banana and Honeydew are ranked lower.""\n}\n```', 'role': 'assistant', 'function_call': None, 'tool_calls': None}}], 'created': 1719448664, 'model': 'gpt-4-1106-preview', 'object': 'chat.completion', 'system_fingerprint': None, 'usage': {'completion_tokens': 97, 'prompt_tokens': 195, 'total_tokens': 292}}","['Apple', 'Banana', 'Cherry', 'Date', 'Elderberry', 'Fig', 'Grape', 'Honeydew', 'Kiwi', 'Lemon']","I prefer tangy and tart flavors over sweet ones, enjoy a bit of exotic and uncommon varieties, but I'm not particularly fond of the more common or overly sweet and mushy options.","['Lemon', 'Elderberry', 'Banana', 'Date', 'Honeydew', 'Grape', 'Apple', 'Cherry', 'Fig', 'Kiwi']"
You are answering questions as if you were a human. Do not break character.,Agent_2,"['Date', 'Fig', 'Cherry', 'Lemon', 'Banana', 'Kiwi', 'Apple', 'Grape', 'Elderberry', 'Honeydew']","The ranking is based on the person's stated preferences. Dates are sticky, sweet palm fruits, so they are first. Figs are enjoyed for their unique texture, placing them second. Cherries are small, stone fruits with a tart zing, so they come third. Lemons have a citrusy tang, ranking fourth. Bananas have a creamy tropical texture, so they are fifth. Kiwis, while fuzzy, are also tropical and tart, which places them sixth. Apples are classic crunchy fruits, so they are less favored, at seventh. Grapes are common bunch fruits, ranking eighth. Elderberries are slightly tart berries, placing them ninth. Honeydew is a melon, which is the least preferred, so it is last.",0,0,False,1000,gpt-4-1106-preview,0,0.5,3,1,"You are answering questions as if you were a human. Do not break character. You are an agent with the following persona:
{}","A person described their preferences over fruits as I have a sweet spot for those sticky, sweet palm fruits, enjoy the unique texture of figs, and have a fondness for small, stone fruits with a tart zing; citrusy tangs are nice, and I don't mind the creamy texture of tropical fruits, but I'm less keen on melons, slightly tart berries, and common bunch fruits, while fuzzy brown fruits and the most classic crunchy ones are my least favorite..
                The collection of fruits is: '['Apple', 'Banana', 'Cherry', 'Date', 'Elderberry', 'Fig', 'Grape', 'Honeydew', 'Kiwi', 'Lemon']'.
                Based on what they said, what do you guess is their rank-ordering of the fruits? 
                

Your response should be only a valid JSON in the following format:
{
    ""answer"": [<comma-separated list of responsive words or phrases as independent strings>],
    ""comment"": ""<put comment here>""
}",,"A person described their preferences over fruits as {{ pref_paragraph }}.
                The collection of fruits is: '{{ fruits }}'.
                Based on what they said, what do you guess is their rank-ordering of the fruits? 
                ",list,"{'id': 'chatcmpl-9eXQuZ6Dp5z0Mi2FtalHgOWFjKnL4', 'choices': [{'finish_reason': 'stop', 'index': 0, 'logprobs': None, 'message': {'content': '```json\n{\n    ""answer"": [""Date"", ""Fig"", ""Cherry"", ""Lemon"", ""Banana"", ""Kiwi"", ""Apple"", ""Grape"", ""Elderberry"", ""Honeydew""],\n    ""comment"": ""The ranking is based on the person\'s stated preferences. Dates are sticky, sweet palm fruits, so they are first. Figs are enjoyed for their unique texture, placing them second. Cherries are small, stone fruits with a tart zing, so they come third. Lemons have a citrusy tang, ranking fourth. Bananas have a creamy tropical texture, so they are fifth. Kiwis, while fuzzy, are also tropical and tart, which places them sixth. Apples are classic crunchy fruits, so they are less favored, at seventh. Grapes are common bunch fruits, ranking eighth. Elderberries are slightly tart berries, placing them ninth. Honeydew is a melon, which is the least preferred, so it is last.""\n}\n```', 'role': 'assistant', 'function_call': None, 'tool_calls': None}}], 'created': 1719448664, 'model': 'gpt-4-1106-preview', 'object': 'chat.completion', 'system_fingerprint': None, 'usage': {'completion_tokens': 207, 'prompt_tokens': 246, 'total_tokens': 453}}","['Apple', 'Banana', 'Cherry', 'Date', 'Elderberry', 'Fig', 'Grape', 'Honeydew', 'Kiwi', 'Lemon']","I have a sweet spot for those sticky, sweet palm fruits, enjoy the unique texture of figs, and have a fondness for small, stone fruits with a tart zing; citrusy tangs are nice, and I don't mind the creamy texture of tropical fruits, but I'm less keen on melons, slightly tart berries, and common bunch fruits, while fuzzy brown fruits and the most classic crunchy ones are my least favorite.","['Date', 'Fig', 'Cherry', 'Lemon', 'Banana', 'Honeydew', 'Elderberry', 'Grape', 'Kiwi', 'Apple']"
You are answering questions as if you were a human. Do not break character.,Agent_2,"['Kiwi', 'Fig', 'Banana', 'Honeydew', 'Date', 'Grape', 'Cherry', 'Elderberry', 'Apple', 'Lemon']","The ranking is based on the preference for exotic and tropical flavors that are sweet and slightly tart with a soft texture, and a dislike for common crisp types or overly sour fruits.",0,0,False,1000,gpt-4-1106-preview,0,0.5,3,1,"You are answering questions as if you were a human. Do not break character. You are an agent with the following persona:
{}","A person described their preferences over fruits as I prefer exotic and tropical flavors that are both sweet and slightly tart, with a soft texture, and I'm not too fond of the common crisp types or overly sour ones..
                The collection of fruits is: '['Apple', 'Banana', 'Cherry', 'Date', 'Elderberry', 'Fig', 'Grape', 'Honeydew', 'Kiwi', 'Lemon']'.
                Based on what they said, what do you guess is their rank-ordering of the fruits? 
                

Your response should be only a valid JSON in the following format:
{
    ""answer"": [<comma-separated list of responsive words or phrases as independent strings>],
    ""comment"": ""<put comment here>""
}",,"A person described their preferences over fruits as {{ pref_paragraph }}.
                The collection of fruits is: '{{ fruits }}'.
                Based on what they said, what do you guess is their rank-ordering of the fruits? 
                ",list,"{'id': 'chatcmpl-9eXQuzG0KXyzYtTGjM3lK6BztqLrK', 'choices': [{'finish_reason': 'stop', 'index': 0, 'logprobs': None, 'message': {'content': '```json\n{\n    ""answer"": [""Kiwi"", ""Fig"", ""Banana"", ""Honeydew"", ""Date"", ""Grape"", ""Cherry"", ""Elderberry"", ""Apple"", ""Lemon""],\n    ""comment"": ""The ranking is based on the preference for exotic and tropical flavors that are sweet and slightly tart with a soft texture, and a dislike for common crisp types or overly sour fruits.""\n}\n```', 'role': 'assistant', 'function_call': None, 'tool_calls': None}}], 'created': 1719448664, 'model': 'gpt-4-1106-preview', 'object': 'chat.completion', 'system_fingerprint': None, 'usage': {'completion_tokens': 90, 'prompt_tokens': 192, 'total_tokens': 282}}","['Apple', 'Banana', 'Cherry', 'Date', 'Elderberry', 'Fig', 'Grape', 'Honeydew', 'Kiwi', 'Lemon']","I prefer exotic and tropical flavors that are both sweet and slightly tart, with a soft texture, and I'm not too fond of the common crisp types or overly sour ones.","['Kiwi', 'Fig', 'Banana', 'Elderberry', 'Date', 'Honeydew', 'Apple', 'Cherry', 'Grape', 'Lemon']"
You are answering questions as if you were a human. Do not break character.,Agent_2,"['Banana', 'Honeydew', 'Kiwi', 'Date', 'Fig', 'Grape', 'Apple', 'Cherry', 'Elderberry', 'Lemon']","The ranking starts with tropical and sweet fruits, then moves to less tropical but still sweet fruits, and ends with the tart and less juicy varieties.",0,0,False,1000,gpt-4-1106-preview,0,0.5,3,1,"You are answering questions as if you were a human. Do not break character. You are an agent with the following persona:
{}","A person described their preferences over fruits as I prefer tropical and exotic flavors that are juicy and sweet, but I'm not much for overly tart or dry varieties..
                The collection of fruits is: '['Apple', 'Banana', 'Cherry', 'Date', 'Elderberry', 'Fig', 'Grape', 'Honeydew', 'Kiwi', 'Lemon']'.
                Based on what they said, what do you guess is their rank-ordering of the fruits? 
                

Your response should be only a valid JSON in the following format:
{
    ""answer"": [<comma-separated list of responsive words or phrases as independent strings>],
    ""comment"": ""<put comment here>""
}",,"A person described their preferences over fruits as {{ pref_paragraph }}.
                The collection of fruits is: '{{ fruits }}'.
                Based on what they said, what do you guess is their rank-ordering of the fruits? 
                ",list,"{'id': 'chatcmpl-9eXQu5plOX8qHYeJcZDoprFzG1uhZ', 'choices': [{'finish_reason': 'stop', 'index': 0, 'logprobs': None, 'message': {'content': '```json\n{\n    ""answer"": [""Banana"", ""Honeydew"", ""Kiwi"", ""Date"", ""Fig"", ""Grape"", ""Apple"", ""Cherry"", ""Elderberry"", ""Lemon""],\n    ""comment"": ""The ranking starts with tropical and sweet fruits, then moves to less tropical but still sweet fruits, and ends with the tart and less juicy varieties.""\n}\n```', 'role': 'assistant', 'function_call': None, 'tool_calls': None}}], 'created': 1719448664, 'model': 'gpt-4-1106-preview', 'object': 'chat.completion', 'system_fingerprint': None, 'usage': {'completion_tokens': 84, 'prompt_tokens': 181, 'total_tokens': 265}}","['Apple', 'Banana', 'Cherry', 'Date', 'Elderberry', 'Fig', 'Grape', 'Honeydew', 'Kiwi', 'Lemon']","I prefer tropical and exotic flavors that are juicy and sweet, but I'm not much for overly tart or dry varieties.","['Kiwi', 'Honeydew', 'Fig', 'Banana', 'Cherry', 'Elderberry', 'Apple', 'Grape', 'Lemon', 'Date']"
You are answering questions as if you were a human. Do not break character.,Agent_2,"['Banana', 'Kiwi', 'Lemon', 'Honeydew', 'Date', 'Fig', 'Grape', 'Apple', 'Cherry', 'Elderberry']","The ranking starts with Banana and Kiwi for their tropical flavor and creamy texture, followed by Lemon for its citrus quality. Honeydew is included next for its mild tropical taste. Dates and Figs follow due to their unique flavors, though not specifically tropical or citrus. Grapes come next as they are neither creamy nor particularly citrus or tropical. Apples, Cherries, and Elderberries are ranked lower due to the person's lesser preference for stone fruits and traditional berries.",0,0,False,1000,gpt-4-1106-preview,0,0.5,3,1,"You are answering questions as if you were a human. Do not break character. You are an agent with the following persona:
{}","A person described their preferences over fruits as I prefer tropical and citrus flavors, with a fondness for creamy textures and a lesser preference for stone fruits, while traditional berries and crisp types are less appealing to me..
                The collection of fruits is: '['Apple', 'Banana', 'Cherry', 'Date', 'Elderberry', 'Fig', 'Grape', 'Honeydew', 'Kiwi', 'Lemon']'.
                Based on what they said, what do you guess is their rank-ordering of the fruits? 
                

Your response should be only a valid JSON in the following format:
{
    ""answer"": [<comma-separated list of responsive words or phrases as independent strings>],
    ""comment"": ""<put comment here>""
}",,"A person described their preferences over fruits as {{ pref_paragraph }}.
                The collection of fruits is: '{{ fruits }}'.
                Based on what they said, what do you guess is their rank-ordering of the fruits? 
                ",list,"{'id': 'chatcmpl-9eXQugbeysPw4vv7SOhpIY0FFLCVB', 'choices': [{'finish_reason': 'stop', 'index': 0, 'logprobs': None, 'message': {'content': '```json\n{\n    ""answer"": [""Banana"", ""Kiwi"", ""Lemon"", ""Honeydew"", ""Date"", ""Fig"", ""Grape"", ""Apple"", ""Cherry"", ""Elderberry""],\n    ""comment"": ""The ranking starts with Banana and Kiwi for their tropical flavor and creamy texture, followed by Lemon for its citrus quality. Honeydew is included next for its mild tropical taste. Dates and Figs follow due to their unique flavors, though not specifically tropical or citrus. Grapes come next as they are neither creamy nor particularly citrus or tropical. Apples, Cherries, and Elderberries are ranked lower due to the person\'s lesser preference for stone fruits and traditional berries.""\n}\n```', 'role': 'assistant', 'function_call': None, 'tool_calls': None}}], 'created': 1719448664, 'model': 'gpt-4-1106-preview', 'object': 'chat.completion', 'system_fingerprint': None, 'usage': {'completion_tokens': 150, 'prompt_tokens': 191, 'total_tokens': 341}}","['Apple', 'Banana', 'Cherry', 'Date', 'Elderberry', 'Fig', 'Grape', 'Honeydew', 'Kiwi', 'Lemon']","I prefer tropical and citrus flavors, with a fondness for creamy textures and a lesser preference for stone fruits, while traditional berries and crisp types are less appealing to me.","['Kiwi', 'Banana', 'Lemon', 'Honeydew', 'Date', 'Cherry', 'Fig', 'Grape', 'Apple', 'Elderberry']"
You are answering questions as if you were a human. Do not break character.,Agent_2,"['Cherry', 'Grape', 'Kiwi', 'Fig', 'Date', 'Banana', 'Apple', 'Honeydew', 'Elderberry', 'Lemon']","The ranking starts with small, sweet fruits with a hint of tartness and ends with the less preferred tart berries, common crisp types, and overtly tart fruits.",0,0,False,1000,gpt-4-1106-preview,0,0.5,3,1,"You are answering questions as if you were a human. Do not break character. You are an agent with the following persona:
{}","A person described their preferences over fruits as I prefer juicy, sweet fruits with a hint of tartness, and I'm particularly fond of those that are small and can be eaten in one or two bites, though I'm not as keen on the more tart berries or the common crisp types you might find in a lunchbox..
                The collection of fruits is: '['Apple', 'Banana', 'Cherry', 'Date', 'Elderberry', 'Fig', 'Grape', 'Honeydew', 'Kiwi', 'Lemon']'.
                Based on what they said, what do you guess is their rank-ordering of the fruits? 
                

Your response should be only a valid JSON in the following format:
{
    ""answer"": [<comma-separated list of responsive words or phrases as independent strings>],
    ""comment"": ""<put comment here>""
}",,"A person described their preferences over fruits as {{ pref_paragraph }}.
                The collection of fruits is: '{{ fruits }}'.
                Based on what they said, what do you guess is their rank-ordering of the fruits? 
                ",list,"{'id': 'chatcmpl-9eXQvrlwP2jpRhq3kOVHiIC0tYjXp', 'choices': [{'finish_reason': 'stop', 'index': 0, 'logprobs': None, 'message': {'content': '```json\n{\n    ""answer"": [""Cherry"", ""Grape"", ""Kiwi"", ""Fig"", ""Date"", ""Banana"", ""Apple"", ""Honeydew"", ""Elderberry"", ""Lemon""],\n    ""comment"": ""The ranking starts with small, sweet fruits with a hint of tartness and ends with the less preferred tart berries, common crisp types, and overtly tart fruits.""\n}\n```', 'role': 'assistant', 'function_call': None, 'tool_calls': None}}], 'created': 1719448665, 'model': 'gpt-4-1106-preview', 'object': 'chat.completion', 'system_fingerprint': None, 'usage': {'completion_tokens': 88, 'prompt_tokens': 214, 'total_tokens': 302}}","['Apple', 'Banana', 'Cherry', 'Date', 'Elderberry', 'Fig', 'Grape', 'Honeydew', 'Kiwi', 'Lemon']","I prefer juicy, sweet fruits with a hint of tartness, and I'm particularly fond of those that are small and can be eaten in one or two bites, though I'm not as keen on the more tart berries or the common crisp types you might find in a lunchbox.","['Grape', 'Date', 'Lemon', 'Kiwi', 'Fig', 'Banana', 'Cherry', 'Apple', 'Honeydew', 'Elderberry']"
You are answering questions as if you were a human. Do not break character.,Agent_2,"['Honeydew', 'Elderberry', 'Grape', 'Cherry', 'Fig', 'Date', 'Apple', 'Banana', 'Kiwi', 'Lemon']","The ranking is based on the person's preference for sweet and juicy fruits, with a particular fondness for melons and berries, while taking into account their dislike for tropical flavors and overly tart varieties.",0,0,False,1000,gpt-4-1106-preview,0,0.5,3,1,"You are answering questions as if you were a human. Do not break character. You are an agent with the following persona:
{}","A person described their preferences over fruits as I prefer sweet and juicy fruits, with a particular fondness for melons and berries, but I'm not as keen on tropical flavors or overly tart varieties..
                The collection of fruits is: '['Apple', 'Banana', 'Cherry', 'Date', 'Elderberry', 'Fig', 'Grape', 'Honeydew', 'Kiwi', 'Lemon']'.
                Based on what they said, what do you guess is their rank-ordering of the fruits? 
                

Your response should be only a valid JSON in the following format:
{
    ""answer"": [<comma-separated list of responsive words or phrases as independent strings>],
    ""comment"": ""<put comment here>""
}",,"A person described their preferences over fruits as {{ pref_paragraph }}.
                The collection of fruits is: '{{ fruits }}'.
                Based on what they said, what do you guess is their rank-ordering of the fruits? 
                ",list,"{'id': 'chatcmpl-9eXQuq6eZfgiimu5cFMGwtmB90bVR', 'choices': [{'finish_reason': 'stop', 'index': 0, 'logprobs': None, 'message': {'content': '```json\n{\n    ""answer"": [""Honeydew"", ""Elderberry"", ""Grape"", ""Cherry"", ""Fig"", ""Date"", ""Apple"", ""Banana"", ""Kiwi"", ""Lemon""],\n    ""comment"": ""The ranking is based on the person\'s preference for sweet and juicy fruits, with a particular fondness for melons and berries, while taking into account their dislike for tropical flavors and overly tart varieties.""\n}\n```', 'role': 'assistant', 'function_call': None, 'tool_calls': None}}], 'created': 1719448664, 'model': 'gpt-4-1106-preview', 'object': 'chat.completion', 'system_fingerprint': None, 'usage': {'completion_tokens': 95, 'prompt_tokens': 189, 'total_tokens': 284}}","['Apple', 'Banana', 'Cherry', 'Date', 'Elderberry', 'Fig', 'Grape', 'Honeydew', 'Kiwi', 'Lemon']","I prefer sweet and juicy fruits, with a particular fondness for melons and berries, but I'm not as keen on tropical flavors or overly tart varieties.","['Honeydew', 'Grape', 'Cherry', 'Elderberry', 'Lemon', 'Fig', 'Date', 'Apple', 'Kiwi', 'Banana']"
You are answering questions as if you were a human. Do not break character.,Agent_2,"['Banana', 'Date', 'Apple', 'Honeydew', 'Grape', 'Fig', 'Kiwi', 'Cherry', 'Elderberry', 'Lemon']","Bananas and dates are sweet and creamy. Apples and honeydew are crisp and mildly sweet. Grapes and figs can be chewy and have seeds. Kiwi is slightly tart but also sweet. Cherries can be sweet or tart. Elderberries are often tart and musky. Lemons are tart and sour, which is the least preferred.",0,0,False,1000,gpt-4-1106-preview,0,0.5,3,1,"You are answering questions as if you were a human. Do not break character. You are an agent with the following persona:
{}","A person described their preferences over fruits as I prefer sweet and creamy fruits, followed by crisp and mildly sweet varieties, then I enjoy chewy and seedy textures, but I'm not fond of tart or sour flavors and definitely don't like anything too floral or musky..
                The collection of fruits is: '['Apple', 'Banana', 'Cherry', 'Date', 'Elderberry', 'Fig', 'Grape', 'Honeydew', 'Kiwi', 'Lemon']'.
                Based on what they said, what do you guess is their rank-ordering of the fruits? 
                

Your response should be only a valid JSON in the following format:
{
    ""answer"": [<comma-separated list of responsive words or phrases as independent strings>],
    ""comment"": ""<put comment here>""
}",,"A person described their preferences over fruits as {{ pref_paragraph }}.
                The collection of fruits is: '{{ fruits }}'.
                Based on what they said, what do you guess is their rank-ordering of the fruits? 
                ",list,"{'id': 'chatcmpl-9eXQuJDs1ykSkmcMFk38QPJ6NQA5k', 'choices': [{'finish_reason': 'stop', 'index': 0, 'logprobs': None, 'message': {'content': '```json\n{\n    ""answer"": [""Banana"", ""Date"", ""Apple"", ""Honeydew"", ""Grape"", ""Fig"", ""Kiwi"", ""Cherry"", ""Elderberry"", ""Lemon""],\n    ""comment"": ""Bananas and dates are sweet and creamy. Apples and honeydew are crisp and mildly sweet. Grapes and figs can be chewy and have seeds. Kiwi is slightly tart but also sweet. Cherries can be sweet or tart. Elderberries are often tart and musky. Lemons are tart and sour, which is the least preferred.""\n}\n```', 'role': 'assistant', 'function_call': None, 'tool_calls': None}}], 'created': 1719448664, 'model': 'gpt-4-1106-preview', 'object': 'chat.completion', 'system_fingerprint': None, 'usage': {'completion_tokens': 128, 'prompt_tokens': 204, 'total_tokens': 332}}","['Apple', 'Banana', 'Cherry', 'Date', 'Elderberry', 'Fig', 'Grape', 'Honeydew', 'Kiwi', 'Lemon']","I prefer sweet and creamy fruits, followed by crisp and mildly sweet varieties, then I enjoy chewy and seedy textures, but I'm not fond of tart or sour flavors and definitely don't like anything too floral or musky.","['Banana', 'Apple', 'Fig', 'Kiwi', 'Grape', 'Date', 'Cherry', 'Lemon', 'Honeydew', 'Elderberry']"
You are answering questions as if you were a human. Do not break character.,Agent_2,"['Kiwi', 'Honeydew', 'Fig', 'Date', 'Cherry', 'Elderberry', 'Grape', 'Banana', 'Apple', 'Lemon']","The ranking is based on the person's preference for chewy and exotic flavors, appreciation for melons, enjoyment of stone fruits and berries, and aversion to overly tart or common fruits, as well as a dislike for mushy textures.",0,0,False,1000,gpt-4-1106-preview,0,0.5,3,1,"You are answering questions as if you were a human. Do not break character. You are an agent with the following persona:
{}","A person described their preferences over fruits as I have a sweet spot for chewy and exotic flavors, appreciate a good melon, enjoy stone fruits and berries, but I'm not keen on overly tart or overly common options, and I definitely could do without the mushy textures..
                The collection of fruits is: '['Apple', 'Banana', 'Cherry', 'Date', 'Elderberry', 'Fig', 'Grape', 'Honeydew', 'Kiwi', 'Lemon']'.
                Based on what they said, what do you guess is their rank-ordering of the fruits? 
                

Your response should be only a valid JSON in the following format:
{
    ""answer"": [<comma-separated list of responsive words or phrases as independent strings>],
    ""comment"": ""<put comment here>""
}",,"A person described their preferences over fruits as {{ pref_paragraph }}.
                The collection of fruits is: '{{ fruits }}'.
                Based on what they said, what do you guess is their rank-ordering of the fruits? 
                ",list,"{'id': 'chatcmpl-9eXQuKNfpQScAU41bkIZ1anIcg1Te', 'choices': [{'finish_reason': 'stop', 'index': 0, 'logprobs': None, 'message': {'content': '```json\n{\n    ""answer"": [""Kiwi"", ""Honeydew"", ""Fig"", ""Date"", ""Cherry"", ""Elderberry"", ""Grape"", ""Banana"", ""Apple"", ""Lemon""],\n    ""comment"": ""The ranking is based on the person\'s preference for chewy and exotic flavors, appreciation for melons, enjoyment of stone fruits and berries, and aversion to overly tart or common fruits, as well as a dislike for mushy textures.""\n}\n```', 'role': 'assistant', 'function_call': None, 'tool_calls': None}}], 'created': 1719448664, 'model': 'gpt-4-1106-preview', 'object': 'chat.completion', 'system_fingerprint': None, 'usage': {'completion_tokens': 103, 'prompt_tokens': 205, 'total_tokens': 308}}","['Apple', 'Banana', 'Cherry', 'Date', 'Elderberry', 'Fig', 'Grape', 'Honeydew', 'Kiwi', 'Lemon']","I have a sweet spot for chewy and exotic flavors, appreciate a good melon, enjoy stone fruits and berries, but I'm not keen on overly tart or overly common options, and I definitely could do without the mushy textures.","['Date', 'Fig', 'Honeydew', 'Cherry', 'Grape', 'Kiwi', 'Apple', 'Lemon', 'Banana', 'Elderberry']"
You are answering questions as if you were a human. Do not break character.,Agent_2,"['Banana', 'Date', 'Fig', 'Honeydew', 'Kiwi', 'Grape', 'Apple', 'Cherry', 'Elderberry', 'Lemon']","Banana, Date, and Fig are creamy and smooth. Honeydew and Kiwi are tropical and have a smooth texture, though Kiwi has a slight tartness. Grape is not particularly tropical or creamy, but it's not tart or crisp. Apple and Cherry are common and crisp. Elderberry is less common but can be tart. Lemon is both common and very tart/sour.",0,0,False,1000,gpt-4-1106-preview,0,0.5,3,1,"You are answering questions as if you were a human. Do not break character. You are an agent with the following persona:
{}","A person described their preferences over fruits as I prefer creamy and smooth textures over tart or sour ones, and I tend to enjoy tropical and exotic flavors but am not a fan of the more common crisp types..
                The collection of fruits is: '['Apple', 'Banana', 'Cherry', 'Date', 'Elderberry', 'Fig', 'Grape', 'Honeydew', 'Kiwi', 'Lemon']'.
                Based on what they said, what do you guess is their rank-ordering of the fruits? 
                

Your response should be only a valid JSON in the following format:
{
    ""answer"": [<comma-separated list of responsive words or phrases as independent strings>],
    ""comment"": ""<put comment here>""
}",,"A person described their preferences over fruits as {{ pref_paragraph }}.
                The collection of fruits is: '{{ fruits }}'.
                Based on what they said, what do you guess is their rank-ordering of the fruits? 
                ",list,"{'id': 'chatcmpl-9eXQuyHpCbPX92VX3uWUwbqSbmGCw', 'choices': [{'finish_reason': 'stop', 'index': 0, 'logprobs': None, 'message': {'content': '```json\n{\n    ""answer"": [""Banana"", ""Date"", ""Fig"", ""Honeydew"", ""Kiwi"", ""Grape"", ""Apple"", ""Cherry"", ""Elderberry"", ""Lemon""],\n    ""comment"": ""Banana, Date, and Fig are creamy and smooth. Honeydew and Kiwi are tropical and have a smooth texture, though Kiwi has a slight tartness. Grape is not particularly tropical or creamy, but it\'s not tart or crisp. Apple and Cherry are common and crisp. Elderberry is less common but can be tart. Lemon is both common and very tart/sour.""\n}\n```', 'role': 'assistant', 'function_call': None, 'tool_calls': None}}], 'created': 1719448664, 'model': 'gpt-4-1106-preview', 'object': 'chat.completion', 'system_fingerprint': None, 'usage': {'completion_tokens': 134, 'prompt_tokens': 190, 'total_tokens': 324}}","['Apple', 'Banana', 'Cherry', 'Date', 'Elderberry', 'Fig', 'Grape', 'Honeydew', 'Kiwi', 'Lemon']","I prefer creamy and smooth textures over tart or sour ones, and I tend to enjoy tropical and exotic flavors but am not a fan of the more common crisp types.","['Banana', 'Honeydew', 'Fig', 'Grape', 'Kiwi', 'Lemon', 'Elderberry', 'Date', 'Cherry', 'Apple']"
You are answering questions as if you were a human. Do not break character.,Agent_2,"['Banana', 'Date', 'Fig', 'Honeydew', 'Grape', 'Apple', 'Kiwi', 'Cherry', 'Elderberry', 'Lemon']","Banana, Date, and Fig are sweet and have a creamy texture without a stone pit. Honeydew and Grape are sweet and mellow but less creamy. Apple and Kiwi are sweet but can be slightly tart and fibrous. Cherry and Elderberry have stone pits and can be tart. Lemon is tart and not sweet, which is least preferred based on the description.",0,0,False,1000,gpt-4-1106-preview,0,0.5,3,1,"You are answering questions as if you were a human. Do not break character. You are an agent with the following persona:
{}","A person described their preferences over fruits as I prefer sweet and mellow fruits, with a fondness for creamy textures over tartness, and I'm not particularly keen on fruits that are too fibrous or have a stone pit..
                The collection of fruits is: '['Apple', 'Banana', 'Cherry', 'Date', 'Elderberry', 'Fig', 'Grape', 'Honeydew', 'Kiwi', 'Lemon']'.
                Based on what they said, what do you guess is their rank-ordering of the fruits? 
                

Your response should be only a valid JSON in the following format:
{
    ""answer"": [<comma-separated list of responsive words or phrases as independent strings>],
    ""comment"": ""<put comment here>""
}",,"A person described their preferences over fruits as {{ pref_paragraph }}.
                The collection of fruits is: '{{ fruits }}'.
                Based on what they said, what do you guess is their rank-ordering of the fruits? 
                ",list,"{'id': 'chatcmpl-9eXQutAdOIeRW54Xoe6OYknXuGoSA', 'choices': [{'finish_reason': 'stop', 'index': 0, 'logprobs': None, 'message': {'content': '```json\n{\n    ""answer"": [""Banana"", ""Date"", ""Fig"", ""Honeydew"", ""Grape"", ""Apple"", ""Kiwi"", ""Cherry"", ""Elderberry"", ""Lemon""],\n    ""comment"": ""Banana, Date, and Fig are sweet and have a creamy texture without a stone pit. Honeydew and Grape are sweet and mellow but less creamy. Apple and Kiwi are sweet but can be slightly tart and fibrous. Cherry and Elderberry have stone pits and can be tart. Lemon is tart and not sweet, which is least preferred based on the description.""\n}\n```', 'role': 'assistant', 'function_call': None, 'tool_calls': None}}], 'created': 1719448664, 'model': 'gpt-4-1106-preview', 'object': 'chat.completion', 'system_fingerprint': None, 'usage': {'completion_tokens': 131, 'prompt_tokens': 195, 'total_tokens': 326}}","['Apple', 'Banana', 'Cherry', 'Date', 'Elderberry', 'Fig', 'Grape', 'Honeydew', 'Kiwi', 'Lemon']","I prefer sweet and mellow fruits, with a fondness for creamy textures over tartness, and I'm not particularly keen on fruits that are too fibrous or have a stone pit.","['Honeydew', 'Banana', 'Elderberry', 'Kiwi', 'Lemon', 'Apple', 'Cherry', 'Grape', 'Fig', 'Date']"
You are answering questions as if you were a human. Do not break character.,Agent_2,"['Fig', 'Date', 'Banana', 'Kiwi', 'Grape', 'Honeydew', 'Apple', 'Lemon', 'Cherry', 'Elderberry']","The ranking is based on the preference for soft textures and unique tastes, from sweet and chewy to tart. Figs and dates are soft and chewy, bananas have a unique texture and are sweet, kiwi offers a tart zing and is soft, grapes are soft and sweet, honeydew is soft and subtly sweet, apples are less soft and have fibrous skins, lemons are tart but not favored for being overly zingy, cherries have seeds and are less preferred, and elderberries are seedy and have a tart zing, thus placed last.",0,0,False,1000,gpt-4-1106-preview,0,0.5,3,1,"You are answering questions as if you were a human. Do not break character. You are an agent with the following persona:
{}","A person described their preferences over fruits as I have a sweet spot for soft and unique textures, favoring fruits that range from subtly sweet and chewy to those offering a tart zing, while I'm less enthusiastic about those with seeds and overly fibrous skins..
                The collection of fruits is: '['Apple', 'Banana', 'Cherry', 'Date', 'Elderberry', 'Fig', 'Grape', 'Honeydew', 'Kiwi', 'Lemon']'.
                Based on what they said, what do you guess is their rank-ordering of the fruits? 
                

Your response should be only a valid JSON in the following format:
{
    ""answer"": [<comma-separated list of responsive words or phrases as independent strings>],
    ""comment"": ""<put comment here>""
}",,"A person described their preferences over fruits as {{ pref_paragraph }}.
                The collection of fruits is: '{{ fruits }}'.
                Based on what they said, what do you guess is their rank-ordering of the fruits? 
                ",list,"{'id': 'chatcmpl-9eXQutYvspA41Uppr1DeEFf4w88bj', 'choices': [{'finish_reason': 'stop', 'index': 0, 'logprobs': None, 'message': {'content': '```json\n{\n    ""answer"": [""Fig"", ""Date"", ""Banana"", ""Kiwi"", ""Grape"", ""Honeydew"", ""Apple"", ""Lemon"", ""Cherry"", ""Elderberry""],\n    ""comment"": ""The ranking is based on the preference for soft textures and unique tastes, from sweet and chewy to tart. Figs and dates are soft and chewy, bananas have a unique texture and are sweet, kiwi offers a tart zing and is soft, grapes are soft and sweet, honeydew is soft and subtly sweet, apples are less soft and have fibrous skins, lemons are tart but not favored for being overly zingy, cherries have seeds and are less preferred, and elderberries are seedy and have a tart zing, thus placed last.""\n}\n```', 'role': 'assistant', 'function_call': None, 'tool_calls': None}}], 'created': 1719448664, 'model': 'gpt-4-1106-preview', 'object': 'chat.completion', 'system_fingerprint': None, 'usage': {'completion_tokens': 172, 'prompt_tokens': 202, 'total_tokens': 374}}","['Apple', 'Banana', 'Cherry', 'Date', 'Elderberry', 'Fig', 'Grape', 'Honeydew', 'Kiwi', 'Lemon']","I have a sweet spot for soft and unique textures, favoring fruits that range from subtly sweet and chewy to those offering a tart zing, while I'm less enthusiastic about those with seeds and overly fibrous skins.","['Fig', 'Banana', 'Lemon', 'Cherry', 'Honeydew', 'Apple', 'Elderberry', 'Grape', 'Kiwi', 'Date']"
